months_as_customer,age,incident_severity,insured_hobbies,police_report_available,capital-loss,vehicle_claim,auto_year,fraud_reported,policy_annual_premium,authorities_contacted
328,48,Major Damage,sleeping,YES,0,52080,2004,Y,1406.91,Police
228,42,Minor Damage,reading,?,0,3510,2007,Y,1197.22,Police
134,29,Minor Damage,board-games,NO,0,23100,2007,N,1413.14,Police
256,41,Major Damage,board-games,NO,-62400,50720,2014,Y,1415.74,Police
228,44,Minor Damage,board-games,NO,-46000,4550,2009,N,1583.91,None
256,39,Major Damage,bungie-jumping,NO,0,51280,2003,Y,1351.1,Fire
137,34,Minor Damage,board-games,?,-77000,50050,2012,N,1333.35,Police
165,37,Total Loss,base-jumping,YES,0,32830,2015,N,1137.03,Police
27,33,Total Loss,golf,YES,0,22160,2012,N,1442.99,Police
212,42,Total Loss,camping,?,-39300,32900,1996,N,1315.68,Other
235,42,Total Loss,dancing,?,0,63280,2002,N,1253.12,Police
447,61,Major Damage,skydiving,YES,-51000,79560,2006,N,1137.16,Fire
60,23,Total Loss,reading,NO,0,42390,2000,N,1215.36,Ambulance
121,34,Minor Damage,bungie-jumping,NO,-32800,5040,2010,N,936.61,None
180,38,Total Loss,board-games,YES,-55500,33600,2003,Y,1301.13,Police
473,58,Major Damage,movies,NO,0,42080,1999,Y,1131.4,Other
70,26,Major Damage,hiking,YES,0,40530,2012,N,1199.44,Other
140,31,Total Loss,reading,YES,0,56640,2015,N,708.64,Police
160,37,Total Loss,yachting,NO,-37800,53040,2015,N,1374.22,Other
196,39,Major Damage,camping,NO,-27300,48320,2014,N,1475.73,Police
460,62,Minor Damage,bungie-jumping,?,0,41920,2011,N,1187.96,Police
217,41,Total Loss,skydiving,?,0,33110,1996,N,875.15,Police
370,55,Major Damage,paintball,YES,-68200,47680,2000,Y,972.18,Ambulance
413,55,Total Loss,chess,?,-31000,73620,2011,Y,1268.79,Ambulance
237,40,Minor Damage,kayaking,NO,-53500,56640,2005,N,883.31,Other
8,35,Major Damage,polo,YES,0,44000,2006,Y,1266.92,Other
257,43,Minor Damage,golf,YES,-29200,6560,2005,N,1322.1,Police
202,34,Minor Damage,chess,?,-30200,4160,2003,Y,848.07,None
224,40,Minor Damage,kayaking,YES,-55600,46560,2009,N,1291.7,Other
241,45,Minor Damage,basketball,NO,0,63450,2011,N,1104.5,Police
64,25,Major Damage,video-games,?,0,50400,2005,N,954.16,Ambulance
166,37,Major Damage,reading,?,0,52220,2006,Y,1337.28,Police
155,35,Total Loss,yachting,NO,0,23170,2008,N,1088.34,Police
114,30,Major Damage,video-games,?,-64000,49070,2015,N,1558.29,Ambulance
149,37,Total Loss,yachting,YES,0,48600,1999,N,1415.68,Fire
147,33,Major Damage,reading,YES,-49200,37170,1995,Y,1334.15,Other
62,28,Total Loss,camping,YES,0,48160,2004,Y,988.45,Police
289,49,Minor Damage,golf,YES,0,3280,2001,N,1222.48,None
431,54,Major Damage,bungie-jumping,?,0,43610,2007,N,1155.55,Police
199,37,Major Damage,video-games,NO,0,38290,2011,Y,1262.08,Ambulance
79,26,Minor Damage,kayaking,?,-55700,28000,2010,N,1451.62,Ambulance
116,34,Major Damage,chess,?,-24100,64720,2001,Y,1737.66,Police
37,23,Minor Damage,hiking,NO,-67400,40180,2010,N,1475.93,Other
106,30,Total Loss,reading,NO,-60200,39760,2005,N,538.17,Other
269,44,Minor Damage,reading,?,-28700,33840,2014,N,1081.08,Other
265,40,Total Loss,yachting,?,0,48230,2002,N,1454.43,Other
163,33,Total Loss,polo,?,0,63090,2014,N,1240.47,Fire
355,47,Major Damage,kayaking,NO,0,50240,2003,Y,1273.7,Fire
175,34,Trivial Damage,dancing,YES,0,5670,1995,N,1123.87,Police
192,35,Total Loss,movies,?,-40300,53620,2000,N,1245.89,Other
430,59,Minor Damage,bungie-jumping,YES,0,57260,1998,N,1326.62,Fire
91,27,Trivial Damage,polo,?,0,5280,2008,N,1073.83,None
217,39,Minor Damage,basketball,YES,0,3440,2000,N,1530.52,None
223,40,Major Damage,movies,?,-46500,44870,1999,N,1201.41,Police
195,39,Minor Damage,movies,YES,-39600,1680,2009,N,1393.57,Police
22,26,Minor Damage,skydiving,NO,0,55230,1995,N,1276.57,Fire
439,56,Major Damage,chess,?,-55000,50160,2014,N,1082.49,Fire
94,32,Minor Damage,hiking,NO,0,1800,2014,N,1414.74,None
11,39,Total Loss,yachting,NO,-45800,51170,2007,N,1470.06,Ambulance
151,36,Minor Damage,kayaking,NO,-58500,45760,2000,N,870.63,Police
154,34,Major Damage,base-jumping,?,0,54040,2014,Y,795.23,Police
245,44,Total Loss,basketball,NO,0,33210,1997,N,1168.2,Other
119,32,Minor Damage,bungie-jumping,YES,-49500,39410,2011,N,993.51,Other
215,42,Major Damage,video-games,YES,-49000,51390,2003,Y,1848.81,Fire
295,42,Total Loss,chess,NO,0,45990,2006,Y,1641.73,Fire
254,39,Minor Damage,chess,NO,0,61740,1995,Y,1362.87,Ambulance
107,31,Minor Damage,paintball,NO,-91200,62100,2009,Y,1239.22,Fire
478,64,Minor Damage,reading,NO,0,30160,1998,N,835.02,Fire
128,30,Major Damage,movies,NO,-66200,49840,1997,N,1061.33,Ambulance
338,49,Minor Damage,kayaking,?,-51500,2580,2004,N,1279.08,None
271,42,Major Damage,sleeping,?,-50000,49680,2003,Y,1105.49,Other
222,41,Total Loss,cross-fit,NO,-50300,47670,1995,Y,1055.53,Other
199,41,Minor Damage,paintball,NO,0,27090,1999,N,895.83,Ambulance
215,37,Minor Damage,golf,YES,-42900,42840,2002,N,1632.93,Fire
192,40,Minor Damage,yachting,YES,0,28620,2005,N,1405.99,Ambulance
120,35,Total Loss,bungie-jumping,NO,0,34140,2010,N,1425.54,Ambulance
270,45,Minor Damage,golf,YES,-19700,67050,1998,N,1038.09,Fire
319,47,Total Loss,dancing,?,0,38010,2005,N,1307.11,Police
194,39,Minor Damage,kayaking,YES,-45000,5580,2004,N,1489.24,None
227,38,Major Damage,polo,?,0,50540,2013,Y,976.67,Fire
137,31,Minor Damage,paintball,NO,-40600,30480,2005,N,1340.43,Ambulance
244,40,Trivial Damage,video-games,?,0,4620,2005,N,1267.81,None
78,29,Minor Damage,bungie-jumping,NO,0,5250,2002,N,1234.2,Police
200,35,Trivial Damage,video-games,YES,-80600,4130,2002,N,1318.06,None
284,48,Major Damage,movies,NO,-44200,44320,2013,Y,769.95,Ambulance
275,41,Major Damage,board-games,?,0,40810,2007,N,1514.72,Fire
153,34,Minor Damage,yachting,?,0,45600,2007,N,873.64,Other
134,32,Total Loss,yachting,YES,0,40880,2015,N,1612.43,Fire
31,36,Trivial Damage,kayaking,YES,-78600,3290,2002,N,1318.24,None
41,25,Major Damage,exercise,?,-56100,39480,2011,Y,1226.83,Other
127,29,Total Loss,board-games,?,0,46350,1995,N,1326.44,Fire
61,23,Major Damage,exercise,?,-62400,71520,2004,Y,1136.83,Police
207,42,Trivial Damage,yachting,NO,0,4720,2007,N,1322.78,None
219,43,Major Damage,exercise,?,-20800,53010,2009,N,1483.25,Ambulance
271,42,Total Loss,hiking,NO,0,68160,2005,N,1515.3,Ambulance
80,25,Minor Damage,exercise,YES,-58400,5040,2001,N,1075.18,None
325,47,Major Damage,hiking,NO,0,59670,2006,Y,1690.27,Fire
29,25,Minor Damage,skydiving,YES,-71700,50470,2013,Y,1352.83,Other
295,48,Trivial Damage,kayaking,YES,0,3600,1999,N,1148.73,None
239,42,Trivial Damage,reading,?,0,4200,2007,N,969.5,None
269,41,Minor Damage,yachting,?,-72300,47580,2007,N,1463.82,Police
80,27,Major Damage,exercise,YES,0,36960,2004,N,1474.17,Police
279,41,Minor Damage,bungie-jumping,NO,-31700,25200,2013,N,1497.35,Fire
165,33,Minor Damage,kayaking,NO,-58100,2310,2008,N,1427.14,Police
350,54,Total Loss,basketball,?,0,70110,2014,N,1495.1,Police
295,49,Minor Damage,kayaking,YES,-24300,3360,2002,N,1141.62,None
464,61,Major Damage,basketball,YES,-56400,53200,2000,Y,1125.37,Police
118,28,Major Damage,camping,?,-57000,51940,1997,N,1207.36,Ambulance
298,47,Major Damage,basketball,?,0,48870,2000,Y,1338.5,Fire
87,31,Major Damage,chess,YES,-47500,44320,2006,Y,1074.07,Fire
261,42,Minor Damage,video-games,YES,0,52290,2010,N,1337.56,Police
453,60,Major Damage,dancing,?,-38800,49000,2015,Y,1298.91,Fire
210,41,Total Loss,polo,NO,-41000,51590,2001,N,1222.75,Other
168,32,Major Damage,camping,?,-40600,33670,2007,N,1059.52,Other
390,51,Minor Damage,reading,YES,0,4720,2001,N,1124.38,None
258,46,Total Loss,hiking,?,-56800,33390,1997,Y,1110.37,Other
107,31,Minor Damage,bungie-jumping,NO,-63100,32620,2002,N,1374.22,Police
225,41,Major Damage,exercise,NO,-36200,51200,2011,Y,1103.58,Police
164,38,Minor Damage,yachting,YES,0,63000,2015,N,1269.76,Fire
245,39,Minor Damage,camping,?,0,52960,2010,N,964.79,Police
255,41,Minor Damage,board-games,?,0,41580,2000,N,1167.3,Fire
206,36,Major Damage,video-games,NO,-53700,51040,2008,Y,1625.45,Ambulance
203,38,Major Damage,skydiving,YES,0,49280,1999,Y,1394.43,Ambulance
22,25,Total Loss,movies,NO,0,51420,1995,N,1053.24,Other
211,35,Total Loss,paintball,?,0,28000,2011,N,1040.75,Ambulance
206,39,Total Loss,dancing,YES,-69700,23100,2013,N,1302.4,Ambulance
166,38,Total Loss,video-games,?,-32100,28800,2001,N,1588.55,Other
165,32,Minor Damage,exercise,?,0,2970,1998,N,1399.26,Police
274,43,Major Damage,basketball,YES,-47300,42560,2006,Y,1352.31,Fire
81,28,Major Damage,sleeping,?,0,34790,2000,Y,1139.0,Fire
280,45,Minor Damage,camping,NO,0,56480,1999,N,1397.67,Other
194,39,Major Damage,paintball,NO,0,43050,2012,N,823.17,Other
112,27,Major Damage,exercise,?,-54800,34000,2013,N,965.13,Ambulance
24,33,Total Loss,skydiving,NO,-45200,32760,2002,N,1922.84,Police
93,32,Minor Damage,basketball,?,-65600,52080,2006,N,1624.82,Ambulance
171,34,Major Damage,yachting,?,0,48440,1996,Y,1277.25,Police
200,40,Minor Damage,exercise,NO,-20400,2870,2015,N,1439.34,Police
120,28,Minor Damage,golf,?,0,52400,2010,N,1281.27,Fire
325,46,Minor Damage,basketball,YES,-77500,55360,1999,N,1348.83,Fire
124,32,Total Loss,hiking,YES,-43200,49040,1995,N,1198.15,Other
211,35,Total Loss,camping,?,0,37840,2008,N,1221.22,Police
287,41,Trivial Damage,video-games,?,-49000,3760,2001,N,968.74,None
122,34,Minor Damage,video-games,YES,-28700,5040,2013,N,1220.71,None
22,29,Major Damage,yachting,?,-56200,49560,2012,Y,1238.62,Ambulance
106,31,Total Loss,video-games,YES,0,35490,2011,N,1320.75,Police
398,58,Major Damage,cross-fit,?,-57900,76400,2002,Y,990.98,Police
214,41,Major Damage,polo,NO,-57100,44800,1996,Y,1398.51,Fire
209,38,Minor Damage,golf,?,0,37840,2014,N,1355.08,Fire
82,27,Major Damage,reading,?,-38200,53760,2007,Y,1384.51,Other
193,41,Major Damage,skydiving,YES,0,77760,2011,Y,847.03,Other
134,32,Total Loss,base-jumping,?,0,60160,2014,N,1000.06,Other
288,45,Major Damage,polo,?,0,32040,2009,N,1046.71,Fire
104,32,Total Loss,kayaking,YES,-44600,44010,2006,Y,1158.03,Police
431,54,Total Loss,paintball,?,0,42160,1997,N,1372.27,Fire
101,33,Minor Damage,reading,?,-44500,36160,2013,Y,1053.04,Ambulance
375,50,Major Damage,bungie-jumping,NO,0,37280,1996,Y,1275.39,Police
461,61,Minor Damage,exercise,YES,0,50470,2006,N,1402.75,Police
428,59,Minor Damage,hiking,NO,0,4550,2013,N,1344.36,None
45,38,Total Loss,movies,?,0,52160,2013,N,1197.71,Ambulance
136,29,Minor Damage,video-games,?,-66900,4340,1999,N,1203.24,Police
216,36,Minor Damage,reading,?,-82400,3920,2014,N,1152.4,Police
278,48,Total Loss,dancing,?,-54000,52650,1997,N,1142.62,Ambulance
295,48,Total Loss,polo,YES,-59100,59580,2002,N,1332.07,Ambulance
112,30,Major Damage,sleeping,NO,-59300,75530,1997,Y,1166.54,Fire
122,34,Total Loss,polo,YES,-31400,63630,2011,N,1495.06,Fire
108,29,Minor Damage,bungie-jumping,YES,0,44640,2012,N,1337.92,Ambulance
14,28,Major Damage,board-games,YES,-26900,45360,2012,Y,1587.96,Fire
298,45,Minor Damage,yachting,NO,-51100,44800,1999,N,1362.29,Ambulance
276,46,Trivial Damage,bungie-jumping,NO,-50000,4620,2015,N,1448.84,Police
47,37,Minor Damage,movies,NO,0,5360,2011,N,1241.97,None
222,42,Minor Damage,hiking,?,0,31840,2006,N,1124.6,Police
119,28,Total Loss,hiking,YES,0,40200,2007,Y,1079.92,Ambulance
73,29,Total Loss,board-games,?,-59900,34930,2001,N,1447.78,Other
8,31,Major Damage,kayaking,YES,-88300,29600,2014,N,1229.16,Fire
294,44,Trivial Damage,kayaking,NO,0,4270,2002,N,1226.49,None
324,46,Minor Damage,board-games,YES,-41300,47760,2011,N,897.89,Other
155,34,Minor Damage,dancing,YES,0,59920,1998,N,1706.79,Ambulance
261,45,Minor Damage,kayaking,?,-45100,39830,2003,N,1254.18,Fire
245,40,Total Loss,skydiving,NO,-58900,58950,1998,N,885.08,Other
235,39,Trivial Damage,exercise,NO,-31700,3600,2010,N,1046.58,None
53,36,Major Damage,basketball,YES,0,35770,2006,N,1712.68,Fire
426,54,Minor Damage,reading,?,-22300,67200,1997,N,1097.71,Police
111,27,Total Loss,exercise,NO,0,57890,2009,N,1363.77,Police
86,26,Minor Damage,cross-fit,YES,-30300,59520,2011,Y,1382.88,Police
296,46,Major Damage,sleeping,NO,0,43920,2013,N,1141.35,Ambulance
125,35,Total Loss,cross-fit,NO,-51300,64480,2007,Y,1054.83,Fire
177,34,Total Loss,bungie-jumping,NO,-57700,13500,2009,N,1057.77,Ambulance
238,39,Minor Damage,exercise,YES,-39200,3850,2010,N,1488.02,Police
81,25,Major Damage,hiking,?,-67900,53760,2003,Y,920.3,Other
128,28,Total Loss,polo,YES,0,64820,2007,N,986.53,Ambulance
449,57,Minor Damage,movies,YES,0,3430,2008,N,1440.68,None
252,39,Minor Damage,hiking,?,-57500,39270,2001,N,1086.21,Police
359,47,Total Loss,basketball,NO,0,38850,2012,N,1367.68,Police
19,32,Minor Damage,hiking,YES,-90200,5120,2015,N,1215.85,Police
73,26,Total Loss,basketball,YES,0,35140,2003,N,1191.19,Other
285,44,Total Loss,bungie-jumping,NO,0,41760,2006,N,1594.45,Fire
196,36,Trivial Damage,skydiving,NO,0,4240,2001,Y,1463.07,Police
223,43,Trivial Damage,camping,?,0,3900,2006,N,1734.09,None
328,48,Major Damage,bungie-jumping,NO,-32800,41580,2014,N,1411.43,Ambulance
285,43,Minor Damage,paintball,?,0,1960,1997,N,1512.58,Police
30,31,Trivial Damage,golf,YES,0,3840,2011,N,1153.35,Police
342,49,Minor Damage,base-jumping,YES,-13800,61360,2006,N,1722.95,Fire
219,39,Trivial Damage,board-games,NO,0,4440,2015,N,1281.07,Police
468,62,Major Damage,paintball,?,0,50050,2009,N,1011.92,Fire
241,39,Total Loss,kayaking,?,0,12720,1995,N,1042.26,Ambulance
223,43,Minor Damage,exercise,NO,-34400,43520,2011,N,1235.1,Police
128,32,Total Loss,chess,NO,-39300,47840,1999,Y,768.91,Fire
124,29,Major Damage,golf,YES,0,57600,2005,N,1301.72,Police
343,48,Total Loss,hiking,NO,0,43380,2003,N,1451.54,Police
404,53,Trivial Damage,reading,NO,-36700,6160,2002,N,767.14,Police
63,24,Minor Damage,movies,NO,0,4080,2015,N,1620.89,Police
210,37,Trivial Damage,skydiving,?,0,5310,1999,N,1048.46,None
335,50,Minor Damage,yachting,YES,-31400,21450,2009,N,1538.26,Ambulance
11,40,Major Damage,reading,?,0,34020,2004,Y,1217.69,Other
142,33,Total Loss,cross-fit,?,0,61020,2009,Y,1362.64,Other
272,43,Minor Damage,bungie-jumping,YES,0,58960,2006,Y,1279.13,Ambulance
69,26,Minor Damage,base-jumping,NO,0,47340,2008,N,924.72,Fire
38,28,Trivial Damage,yachting,NO,-39700,5040,2004,N,1019.44,None
328,46,Total Loss,exercise,?,0,51120,1998,Y,1314.6,Other
281,43,Minor Damage,camping,NO,0,41670,1999,N,1515.18,Fire
246,44,Major Damage,base-jumping,YES,-58600,44640,2009,Y,1649.18,Other
298,49,Minor Damage,exercise,NO,0,19670,2012,N,1451.01,Ambulance
330,50,Total Loss,yachting,NO,0,31220,1995,N,978.46,Fire
362,50,Total Loss,board-games,NO,-72500,44380,1995,N,1198.34,Fire
241,38,Major Damage,kayaking,YES,0,51920,2008,N,1003.23,Fire
245,41,Total Loss,basketball,YES,-60500,51450,1999,N,1212.0,Ambulance
371,52,Minor Damage,paintball,?,-37100,68400,2010,N,1242.96,Other
343,52,Major Damage,bungie-jumping,NO,0,30310,2005,Y,1053.02,Other
377,53,Total Loss,kayaking,NO,-64000,45920,2015,N,1693.63,Fire
154,37,Minor Damage,dancing,NO,-67800,57840,2000,N,2047.59,Other
166,34,Total Loss,base-jumping,YES,-68200,43920,2005,N,1083.72,Other
298,46,Minor Damage,dancing,YES,-55000,24400,2005,N,1138.42,Police
235,42,Total Loss,exercise,YES,-60200,55280,2006,N,1072.62,Other
172,35,Major Damage,paintball,NO,-68700,50750,1999,N,1219.04,Police
27,28,Major Damage,polo,YES,-32500,37520,2015,Y,1371.78,Other
428,54,Minor Damage,kayaking,?,-24400,57420,2009,N,1506.21,Fire
99,32,Total Loss,golf,NO,0,31990,1999,N,1058.21,Fire
107,26,Total Loss,cross-fit,NO,0,57200,1996,Y,932.14,Fire
272,41,Major Damage,reading,?,-10600,51680,2010,N,1608.34,Other
151,37,Minor Damage,dancing,?,0,31770,1999,N,1728.56,Fire
249,43,Major Damage,cross-fit,YES,0,42800,2015,N,1518.46,Fire
177,38,Major Damage,skydiving,NO,-74500,58960,2001,Y,1540.19,Other
190,40,Trivial Damage,camping,YES,-53700,5040,2001,N,965.21,None
174,36,Total Loss,paintball,NO,-53800,43600,2012,N,1278.75,Ambulance
95,28,Trivial Damage,board-games,NO,-70300,2240,2014,N,773.99,None
371,51,Major Damage,golf,YES,-24700,52780,2012,Y,1532.47,Fire
2,28,Minor Damage,golf,YES,0,45220,2008,N,1340.56,Fire
269,44,Total Loss,chess,?,-41400,68310,2010,Y,1297.75,Ambulance
101,27,Minor Damage,golf,NO,0,4130,2009,N,433.33,None
94,30,Major Damage,paintball,YES,-52600,51280,2001,N,1025.54,Fire
117,28,Total Loss,yachting,?,-32500,40320,2009,Y,1264.77,Fire
111,27,Major Damage,yachting,NO,0,58800,2011,Y,1459.97,Police
242,40,Trivial Damage,bungie-jumping,NO,-44600,6120,1998,N,1238.65,Police
440,61,Major Damage,movies,NO,-70200,41720,2004,Y,1050.76,Fire
20,23,Major Damage,base-jumping,NO,0,46000,2002,Y,1711.72,Fire
461,57,Major Damage,golf,?,0,39360,1995,N,865.33,Ambulance
208,36,Total Loss,base-jumping,YES,0,35350,2004,N,1153.49,Other
279,43,Major Damage,cross-fit,NO,0,38460,2010,Y,1281.25,Police
244,40,Trivial Damage,base-jumping,YES,0,4620,2014,N,1342.8,Police
134,30,Major Damage,dancing,YES,0,37170,1995,Y,1443.32,Fire
122,29,Trivial Damage,skydiving,NO,-47100,3150,2014,N,1629.94,None
156,31,Major Damage,reading,?,0,47200,2013,Y,1134.08,Police
232,43,Major Damage,golf,?,-33600,49420,2013,Y,1483.91,Ambulance
244,40,Minor Damage,base-jumping,?,-45000,44720,2001,N,1304.67,Police
84,30,Minor Damage,kayaking,YES,-51500,41920,2010,N,1035.79,Police
394,57,Trivial Damage,movies,NO,0,4770,1999,N,1401.2,Police
246,45,Major Damage,hiking,?,-33100,35520,2006,Y,1665.45,Fire
35,29,Minor Damage,video-games,?,-46900,54810,2009,N,653.66,Fire
156,37,Major Damage,reading,NO,-61000,32270,2001,N,1080.13,Ambulance
195,36,Total Loss,camping,YES,-53300,50160,2007,N,1346.18,Fire
369,55,Minor Damage,camping,YES,0,59710,2003,N,1589.54,Police
271,40,Minor Damage,camping,NO,0,2240,2012,N,1251.65,None
332,47,Major Damage,paintball,?,0,49680,2010,Y,1083.01,Police
107,26,Minor Damage,skydiving,NO,0,35820,2002,N,974.59,Ambulance
217,39,Minor Damage,skydiving,?,-19800,43280,1997,N,1399.85,Fire
243,43,Major Damage,board-games,NO,-75700,29190,2008,N,1307.74,Ambulance
296,42,Total Loss,paintball,NO,-63400,49840,2012,N,1219.27,Ambulance
264,41,Minor Damage,cross-fit,?,0,43920,2004,Y,1411.3,Other
108,33,Major Damage,exercise,YES,0,46800,2011,Y,694.45,Police
32,38,Minor Damage,sleeping,YES,0,49630,1997,N,1006.77,Police
259,39,Minor Damage,movies,?,-83900,31040,2012,N,1422.36,Fire
186,33,Trivial Damage,cross-fit,?,-37600,3010,2013,Y,1348.32,Police
201,40,Minor Damage,video-games,YES,0,4340,2003,N,1315.56,Police
436,58,Major Damage,sleeping,?,-27600,41930,1997,Y,1407.01,Police
189,36,Major Damage,basketball,YES,-49400,53040,2009,N,1388.58,Police
105,33,Total Loss,kayaking,?,-40900,51120,2008,N,1310.76,Other
163,31,Total Loss,hiking,NO,0,46480,1999,N,1004.63,Ambulance
219,40,Trivial Damage,golf,NO,0,5120,1997,N,1134.91,None
88,25,Major Damage,movies,YES,0,51940,2013,Y,1194.0,Ambulance
40,39,Minor Damage,hiking,?,-33300,5840,2013,N,1248.25,Police
284,42,Major Damage,kayaking,?,0,68480,1996,N,1338.54,Ambulance
59,40,Total Loss,golf,NO,-32300,34380,2010,N,782.23,Ambulance
39,31,Major Damage,polo,NO,-15700,31620,2014,Y,1366.9,Fire
147,34,Minor Damage,dancing,?,-48300,69930,1998,N,1275.81,Fire
156,37,Minor Damage,golf,YES,-51800,42720,2010,Y,1090.65,Police
123,31,Total Loss,basketball,NO,-54600,48080,2009,N,1326.0,Fire
231,43,Minor Damage,reading,YES,-58100,53970,2010,N,972.47,Police
247,39,Trivial Damage,dancing,?,0,2700,2003,N,806.31,Police
194,35,Minor Damage,golf,?,0,4320,2003,N,1416.24,None
119,27,Major Damage,video-games,?,0,35400,2006,N,1097.64,Other
259,43,Trivial Damage,base-jumping,NO,-39300,5760,2008,N,947.75,Police
107,31,Total Loss,yachting,?,-82700,57680,2001,N,1018.73,Police
48,44,Major Damage,base-jumping,?,-55600,52380,2013,N,1400.74,Police
267,40,Trivial Damage,camping,NO,-35200,3780,1997,N,1155.53,Police
286,47,Minor Damage,bungie-jumping,NO,-77600,46060,2001,N,1386.93,Other
175,34,Major Damage,base-jumping,YES,-57100,28560,2009,Y,915.29,Other
111,29,Major Damage,kayaking,YES,0,38400,1996,Y,1239.55,Fire
151,37,Total Loss,cross-fit,YES,0,47280,1998,Y,1366.42,Fire
156,37,Total Loss,hiking,YES,-53800,56320,1999,N,1086.48,Other
165,36,Total Loss,golf,NO,-39700,36560,2008,N,1247.87,Fire
253,41,Major Damage,dancing,YES,0,58720,2014,Y,1312.75,Other
10,26,Major Damage,base-jumping,?,-22200,22800,2001,Y,765.64,Ambulance
158,33,Total Loss,skydiving,?,-38600,24500,2012,N,1327.41,Other
436,59,Total Loss,board-games,NO,0,47600,2014,N,1338.55,Police
91,30,Minor Damage,golf,?,0,58500,2009,N,1316.63,Other
256,42,Minor Damage,bungie-jumping,?,-39500,52850,1998,N,1286.44,Police
274,46,Total Loss,bungie-jumping,?,0,60400,2009,N,1372.18,Other
275,45,Total Loss,camping,?,-63900,48240,1998,N,1447.77,Ambulance
1,33,Minor Damage,yachting,?,0,22190,2006,N,903.32,Police
85,30,Major Damage,reading,YES,-73900,49520,2006,Y,1454.42,Other
233,37,Total Loss,video-games,YES,-30200,60390,2005,N,1603.42,Fire
142,30,Major Damage,polo,YES,-46800,44520,2010,N,1616.58,Other
266,44,Total Loss,movies,YES,0,26240,2012,N,1611.83,Police
350,50,Total Loss,board-games,NO,0,29460,2015,N,889.13,Police
97,26,Major Damage,sleeping,NO,0,35280,2000,Y,1252.08,Other
399,55,Total Loss,sleeping,YES,-65400,61880,2010,N,995.56,Police
305,49,Total Loss,bungie-jumping,?,-42100,48400,2003,N,1347.92,Fire
276,47,Minor Damage,yachting,?,0,47840,2014,N,1724.09,Police
257,40,Major Damage,base-jumping,YES,0,37680,2002,Y,1379.93,Other
78,31,Major Damage,board-games,NO,-27900,40480,2009,Y,1554.64,Other
129,28,Major Damage,base-jumping,?,0,29760,2005,N,1377.94,Fire
283,46,Major Damage,reading,NO,-73600,56480,2004,Y,1313.33,Ambulance
85,25,Trivial Damage,base-jumping,?,-53600,3760,2005,N,1259.02,None
101,26,Trivial Damage,reading,?,0,2030,1995,N,1371.88,None
96,30,Total Loss,hiking,YES,-48700,46760,2004,N,1399.27,Fire
121,31,Minor Damage,camping,YES,0,50750,2002,N,1061.98,Police
176,39,Minor Damage,sleeping,NO,-56600,34440,2008,N,1365.46,Fire
159,37,Total Loss,camping,NO,-53700,54670,1999,N,894.4,Police
120,30,Minor Damage,movies,YES,-64300,69680,2000,N,956.69,Other
212,35,Total Loss,video-games,?,-49200,41220,1996,N,1123.89,Fire
290,45,Total Loss,cross-fit,NO,-61000,45360,2014,Y,1085.03,Police
299,42,Minor Damage,movies,NO,0,44800,2000,N,1437.33,Other
66,26,Major Damage,skydiving,YES,0,47340,2008,Y,988.29,Police
334,47,Minor Damage,sleeping,NO,0,4320,2011,N,1238.89,None
216,38,Total Loss,board-games,NO,0,38850,2012,Y,1384.64,Police
86,28,Minor Damage,hiking,YES,0,47280,2002,N,1595.07,Police
429,56,Minor Damage,skydiving,YES,-43800,26320,2002,N,1127.89,Ambulance
257,43,Total Loss,base-jumping,YES,-74300,47430,2005,N,929.7,Other
15,34,Total Loss,cross-fit,?,0,49200,2009,N,1829.63,Other
230,39,Major Damage,bungie-jumping,NO,-22300,44520,2002,Y,904.7,Fire
250,43,Minor Damage,polo,NO,-73400,38940,2011,N,1243.84,Other
270,44,Major Damage,paintball,NO,0,25130,2007,Y,1030.95,Ambulance
65,26,Minor Damage,camping,?,-41500,36540,2011,N,1285.03,Fire
475,57,Minor Damage,skydiving,NO,-83200,58500,2000,N,1216.56,Police
77,27,Minor Damage,base-jumping,?,-32800,53760,1995,N,966.26,Ambulance
256,43,Total Loss,golf,?,-65600,46000,1997,N,1203.17,Fire
229,37,Major Damage,paintball,YES,0,51570,1995,N,1212.12,Other
110,28,Minor Damage,movies,?,0,43360,2010,N,1573.93,Police
177,33,Major Damage,yachting,?,-13200,48300,2004,Y,1609.67,Ambulance
292,44,Total Loss,basketball,YES,0,49360,2005,N,1097.57,Other
451,61,Major Damage,polo,YES,-42600,54670,1997,Y,1618.65,Ambulance
61,24,Major Damage,paintball,?,0,46800,2011,Y,922.67,Ambulance
150,30,Trivial Damage,polo,NO,0,3600,1999,N,1342.02,None
283,41,Major Damage,reading,?,-54300,36600,2011,Y,1195.01,Other
291,46,Minor Damage,polo,YES,-55300,4340,2005,Y,994.74,Police
162,31,Minor Damage,chess,NO,0,2520,2013,Y,1050.24,None
154,36,Trivial Damage,dancing,?,0,2240,2015,N,1313.51,None
289,47,Minor Damage,hiking,YES,-37900,42000,1996,N,1102.29,Ambulance
10,19,Minor Damage,yachting,?,-60700,35600,2011,Y,1185.78,Police
309,47,Major Damage,hiking,?,0,46680,2002,N,1527.95,Other
396,57,Major Damage,exercise,NO,-22400,35040,1995,N,1366.39,Other
273,41,Total Loss,dancing,YES,0,32080,2015,N,1403.9,Police
129,30,Total Loss,video-games,?,0,54080,2009,N,927.23,Other
140,31,Minor Damage,base-jumping,?,0,4760,2002,Y,1554.86,None
419,53,Minor Damage,chess,YES,0,46710,2012,N,736.07,Police
315,44,Total Loss,reading,YES,-56800,17010,2006,N,974.16,Other
72,29,Major Damage,exercise,NO,-85900,52960,2013,N,973.8,Ambulance
32,26,Total Loss,polo,?,-79800,31850,2009,N,1260.32,Fire
230,41,Minor Damage,sleeping,?,0,44200,2006,N,1464.03,Ambulance
157,32,Major Damage,reading,NO,-54100,35560,2013,Y,617.11,Other
265,41,Total Loss,sleeping,?,0,35360,2014,N,1724.46,Police
47,34,Minor Damage,base-jumping,?,-24300,45760,2012,N,1161.31,Police
113,29,Minor Damage,golf,YES,-42300,38850,2004,Y,1091.73,Other
289,46,Minor Damage,chess,YES,0,43890,1995,Y,1209.07,Ambulance
254,41,Minor Damage,board-games,YES,0,63770,2014,N,1241.04,Police
115,30,Minor Damage,base-jumping,YES,0,38220,2007,N,1757.21,Fire
236,38,Major Damage,paintball,?,-62500,44560,2014,N,802.24,Ambulance
7,21,Total Loss,camping,?,-45300,48580,2003,N,1342.72,Other
208,36,Total Loss,base-jumping,?,0,39970,1999,N,1209.41,Other
126,33,Major Damage,sleeping,?,-73400,40620,2009,N,1141.71,Ambulance
48,35,Major Damage,golf,NO,-51000,33880,2005,N,1090.03,Ambulance
297,48,Total Loss,golf,NO,-36700,40040,2013,N,1464.73,Fire
160,36,Total Loss,board-games,NO,-36600,36190,2003,N,1118.58,Fire
406,58,Total Loss,video-games,?,-42700,49140,2009,N,1117.04,Other
157,31,Major Damage,reading,NO,-41600,33390,2011,Y,1257.83,Other
146,31,Minor Damage,video-games,NO,-57500,4060,2015,N,1082.72,None
409,57,Major Damage,exercise,?,0,54990,2012,N,1191.8,Other
252,46,Minor Damage,dancing,YES,-28800,52430,2003,N,1242.02,Fire
6,27,Trivial Damage,dancing,YES,-47400,2320,2015,N,1075.71,Police
103,33,Minor Damage,exercise,YES,0,57690,2002,N,969.88,Ambulance
369,53,Total Loss,video-games,NO,0,56720,2012,N,1459.93,Police
261,46,Total Loss,base-jumping,?,0,41310,2008,N,1245.61,Fire
159,33,Major Damage,skydiving,NO,-36900,32640,2004,Y,1462.76,Ambulance
344,51,Minor Damage,skydiving,NO,0,60240,2004,N,1398.46,Ambulance
437,60,Minor Damage,cross-fit,NO,0,61440,2012,Y,1269.64,Other
65,30,Total Loss,skydiving,NO,-66300,55860,1999,N,1455.65,Fire
280,41,Minor Damage,exercise,YES,-64700,33740,1999,N,1140.31,Police
269,45,Total Loss,sleeping,NO,-64100,17600,2008,N,1330.46,Police
275,40,Minor Damage,camping,YES,-45300,27510,2001,N,1190.6,Fire
265,45,Trivial Damage,cross-fit,NO,0,2320,1995,N,972.5,None
283,43,Minor Damage,polo,NO,-50400,3900,2006,N,1161.91,None
84,29,Trivial Damage,video-games,YES,-29900,4960,2005,N,1117.17,Police
247,44,Minor Damage,camping,NO,0,46320,2008,N,1101.51,Fire
56,29,Major Damage,movies,YES,0,70920,1995,N,1523.17,Fire
210,39,Minor Damage,paintball,?,0,6240,1997,N,984.45,None
108,32,Total Loss,basketball,NO,-43700,44560,1999,N,1257.0,Other
328,49,Total Loss,bungie-jumping,YES,0,53580,2005,N,1434.51,Police
186,37,Total Loss,exercise,YES,0,38920,2009,N,1628.0,Ambulance
277,44,Trivial Damage,board-games,NO,0,3500,2005,N,1412.31,Police
138,33,Minor Damage,paintball,?,-56900,66330,2007,N,1362.87,Other
208,41,Major Damage,chess,?,0,48510,1996,N,1134.68,Ambulance
147,37,Total Loss,video-games,NO,0,47320,1995,N,1306.78,Ambulance
8,21,Major Damage,hiking,?,0,63180,2012,N,1021.9,Other
297,48,Minor Damage,kayaking,?,-54700,42420,2004,N,1538.6,Fire
150,31,Major Damage,base-jumping,YES,0,45360,2000,Y,1354.5,Ambulance
4,34,Major Damage,basketball,?,0,48640,1996,Y,1282.93,Police
210,35,Total Loss,cross-fit,?,-91400,46560,2013,N,1346.27,Ambulance
91,31,Minor Damage,polo,NO,0,47110,2011,N,1338.4,Police
167,36,Major Damage,camping,NO,-38400,52260,2008,Y,949.44,Ambulance
467,58,Total Loss,bungie-jumping,NO,0,38990,2014,N,977.4,Fire
264,47,Total Loss,sleeping,YES,-67400,51030,2001,N,1181.46,Ambulance
270,45,Total Loss,yachting,YES,-53300,44460,2005,N,1187.53,Other
310,48,Major Damage,base-jumping,NO,0,42910,2005,Y,845.16,Police
143,34,Minor Damage,exercise,YES,0,40950,1999,N,1442.27,Other
146,32,Major Damage,skydiving,?,0,46620,1995,N,1276.43,Fire
102,28,Total Loss,reading,NO,0,58720,1996,N,1075.41,Police
61,23,Major Damage,bungie-jumping,?,0,32550,1997,N,1111.72,Fire
255,44,Trivial Damage,chess,NO,0,4480,2005,Y,814.96,Police
211,40,Trivial Damage,sleeping,NO,0,2320,2004,N,1575.86,Police
61,29,Trivial Damage,polo,YES,-66000,4720,2010,N,1115.27,None
108,31,Total Loss,yachting,NO,0,44590,2006,N,1175.7,Fire
303,50,Total Loss,board-games,NO,-45500,54640,2008,N,793.15,Other
152,33,Major Damage,exercise,?,0,44800,2001,Y,942.51,Fire
120,34,Minor Damage,paintball,?,0,2610,2002,N,1056.71,None
144,36,Minor Damage,reading,?,-15600,5180,2014,N,1255.68,None
414,52,Total Loss,chess,?,-71000,42630,1999,Y,1335.13,Police
163,37,Total Loss,dancing,YES,-67300,34580,2005,N,1178.95,Fire
352,53,Minor Damage,exercise,NO,0,50000,2009,N,1793.16,Fire
27,32,Total Loss,yachting,?,0,43050,2013,N,1008.38,Ambulance
239,39,Major Damage,reading,NO,0,55920,2007,N,1396.83,Ambulance
33,32,Minor Damage,base-jumping,?,-50300,37380,2012,N,1402.78,Ambulance
88,30,Total Loss,reading,YES,-51200,42000,2003,N,1437.88,Fire
101,33,Trivial Damage,board-games,NO,0,3120,1997,N,1313.64,None
20,37,Total Loss,reading,NO,-43600,47250,2003,N,1482.14,Other
126,30,Minor Damage,board-games,NO,-42700,39870,2011,N,1171.75,Other
264,43,Minor Damage,video-games,NO,-8500,60550,2007,N,1353.33,Police
78,24,Minor Damage,yachting,YES,0,6120,2003,N,1175.51,Police
123,28,Major Damage,movies,YES,-41200,59850,2011,Y,1836.02,Ambulance
347,51,Total Loss,board-games,?,-12100,77670,1997,N,1480.79,Other
163,38,Minor Damage,yachting,?,0,55650,1995,N,1453.92,Ambulance
271,44,Minor Damage,base-jumping,NO,0,55440,1997,Y,1340.71,Other
410,54,Minor Damage,board-games,NO,-17000,39680,2001,N,714.03,Ambulance
448,57,Major Damage,hiking,?,-50300,35820,2013,Y,1376.16,Police
218,41,Total Loss,golf,NO,-72900,61520,2013,N,914.22,Police
43,38,Total Loss,skydiving,?,0,47950,2006,N,1601.47,Other
33,33,Major Damage,dancing,?,-60600,65120,1998,N,1096.79,Police
126,34,Major Damage,camping,YES,0,42480,2007,N,1078.22,Fire
411,56,Major Damage,exercise,?,0,31590,2007,N,1595.28,Ambulance
225,37,Minor Damage,yachting,NO,0,38400,2015,N,1217.84,Fire
35,35,Minor Damage,kayaking,NO,-51900,35460,1996,N,1117.42,Fire
460,57,Major Damage,skydiving,NO,0,40810,2014,Y,1567.37,Other
195,38,Minor Damage,video-games,NO,-50300,57440,2003,N,1294.93,Ambulance
360,51,Total Loss,hiking,YES,-62400,60320,2000,N,1152.12,Ambulance
300,49,Trivial Damage,kayaking,NO,0,4720,2001,N,1441.21,None
245,42,Minor Damage,chess,?,-68900,4720,2011,Y,1575.74,Police
146,36,Total Loss,golf,NO,-60600,44720,2015,N,1233.96,Police
67,29,Major Damage,polo,YES,-67800,51040,1998,Y,1861.43,Other
380,56,Total Loss,cross-fit,YES,0,43620,1996,Y,1570.86,Police
389,53,Minor Damage,chess,NO,0,4410,2001,Y,791.47,Police
317,46,Major Damage,yachting,NO,0,66570,1999,Y,1012.78,Fire
264,44,Major Damage,sleeping,NO,0,50800,1999,N,1047.06,Fire
20,21,Minor Damage,polo,?,-41200,44030,2006,N,1390.29,Fire
116,30,Major Damage,golf,?,-35500,46410,2004,Y,951.46,Other
222,40,Minor Damage,camping,?,-49200,57050,2013,N,1226.78,Other
439,56,Minor Damage,video-games,?,-40900,30000,2009,N,1280.9,Ambulance
66,28,Total Loss,exercise,?,-31700,30730,1995,N,1472.77,Other
128,29,Total Loss,golf,?,-76000,48330,2003,N,1878.44,Fire
69,24,Minor Damage,yachting,NO,0,44310,2012,N,1418.5,Police
294,46,Total Loss,exercise,YES,0,41860,2013,N,1532.8,Other
19,29,Total Loss,cross-fit,?,0,52200,2005,Y,1304.35,Ambulance
191,33,Minor Damage,movies,NO,-30400,1750,2005,N,1551.61,None
4,39,Minor Damage,reading,?,0,40590,2007,N,1326.98,Ambulance
298,49,Major Damage,camping,NO,-71700,46320,2007,N,862.92,Other
231,43,Minor Damage,reading,NO,0,46350,2015,N,1331.69,Police
338,47,Major Damage,board-games,?,-56200,44870,2014,Y,1486.04,Other
261,46,Minor Damage,camping,?,-49400,53520,2013,N,870.55,Other
321,44,Trivial Damage,hiking,NO,-39100,4160,1999,N,1344.56,Police
0,32,Minor Damage,base-jumping,NO,-41100,26480,2002,N,1377.04,Ambulance
405,58,Major Damage,exercise,?,-46900,52020,1997,Y,1237.88,Police
304,49,Minor Damage,camping,YES,0,53360,2013,N,1525.86,Other
1,29,Minor Damage,paintball,YES,0,55230,2003,N,854.58,Police
26,39,Major Damage,sleeping,?,-53700,34860,2015,N,770.76,Police
202,38,Major Damage,exercise,NO,-37500,56320,2005,N,1132.74,Other
289,48,Total Loss,board-games,?,-42700,34320,1999,N,1173.37,Other
61,26,Major Damage,skydiving,NO,-53800,35880,2015,Y,1188.28,Fire
334,46,Minor Damage,reading,NO,0,38220,1998,N,876.88,Police
12,24,Minor Damage,paintball,?,0,41510,2011,N,1143.95,Police
86,29,Minor Damage,yachting,YES,-68100,38720,2005,N,1409.06,Police
83,24,Total Loss,board-games,NO,0,43120,2003,N,1070.63,Fire
126,30,Total Loss,golf,NO,-58400,55620,2002,N,916.13,Police
209,38,Total Loss,reading,?,-52900,62300,2015,N,1191.5,Police
283,48,Trivial Damage,paintball,NO,-46200,4920,2003,N,1474.66,Police
194,34,Total Loss,hiking,YES,0,41160,1997,N,1193.45,Ambulance
184,38,Minor Damage,chess,NO,0,35820,2013,Y,1437.53,Ambulance
479,60,Total Loss,cross-fit,NO,0,45450,2001,N,1304.83,Ambulance
284,48,Total Loss,movies,YES,-42400,26000,2001,N,1168.8,Other
65,27,Total Loss,exercise,YES,-42500,32130,2004,N,1164.97,Ambulance
222,39,Major Damage,hiking,NO,-51200,58640,1999,Y,1232.72,Fire
196,41,Minor Damage,camping,NO,-78600,38240,2009,N,1800.76,Ambulance
253,43,Trivial Damage,exercise,?,-33000,2560,2014,N,1187.01,Police
280,43,Total Loss,hiking,?,-51600,56000,2004,N,1559.34,Fire
5,26,Total Loss,skydiving,?,0,56070,2003,N,1137.02,Ambulance
220,42,Minor Damage,hiking,YES,-49500,39060,2005,N,1281.72,Fire
85,30,Total Loss,video-games,YES,-77000,42880,2004,N,796.35,Fire
266,46,Minor Damage,skydiving,?,-45800,1440,2004,N,1270.02,Police
41,26,Trivial Damage,exercise,?,0,5300,1997,N,1383.13,Police
316,45,Major Damage,kayaking,YES,0,57360,2013,N,1290.74,Ambulance
285,47,Trivial Damage,basketball,NO,0,2100,2013,N,1216.68,Police
379,54,Total Loss,kayaking,NO,0,63300,2010,N,1251.16,Ambulance
15,34,Major Damage,video-games,?,-58900,54960,2010,Y,1586.41,Police
354,48,Minor Damage,exercise,YES,0,60160,1995,N,1526.11,Police
342,53,Major Damage,dancing,NO,0,58880,2000,N,1028.44,Ambulance
169,38,Total Loss,skydiving,YES,0,59310,2012,N,1555.94,Other
339,49,Minor Damage,paintball,NO,-65300,4960,2009,N,1570.77,None
259,42,Total Loss,sleeping,YES,-49200,45520,2006,N,1170.53,Fire
65,23,Major Damage,dancing,YES,-71900,39300,2005,Y,1099.95,Other
254,46,Major Damage,basketball,YES,-90600,46240,2004,N,1472.43,Ambulance
440,55,Minor Damage,reading,NO,-56200,49120,1995,N,1275.62,Police
478,63,Minor Damage,paintball,NO,0,3290,2007,Y,1292.3,None
230,44,Total Loss,hiking,YES,-39400,47180,2015,N,1009.37,Fire
138,30,Major Damage,reading,NO,-72400,62370,2011,N,1093.07,Other
239,41,Trivial Damage,paintball,YES,-6300,8300,2013,N,1325.44,Police
93,31,Major Damage,paintball,NO,0,30590,2014,N,1017.18,Police
37,25,Minor Damage,golf,YES,0,34020,1996,N,1221.17,Ambulance
254,40,Minor Damage,yachting,?,0,37870,1996,Y,1927.87,Fire
131,29,Major Damage,paintball,NO,0,53480,2003,N,978.27,Fire
230,43,Total Loss,board-games,?,0,48020,2002,N,1221.14,Ambulance
313,50,Major Damage,polo,YES,0,48300,1995,Y,1255.62,Other
210,38,Minor Damage,golf,NO,0,6480,2008,N,999.52,Police
101,29,Minor Damage,dancing,?,-53000,42770,1996,N,1380.89,Ambulance
153,37,Total Loss,basketball,NO,-55600,34000,1999,N,1010.77,Ambulance
337,53,Minor Damage,basketball,NO,-34600,64800,2001,N,1205.86,Fire
360,51,Minor Damage,chess,?,-32900,2940,2009,Y,1526.61,Police
428,53,Trivial Damage,camping,NO,0,5040,2013,N,1496.44,Police
204,40,Minor Damage,hiking,YES,0,25020,2013,N,1256.2,Other
364,51,Major Damage,board-games,NO,0,49210,2014,Y,1268.35,Other
185,35,Trivial Damage,sleeping,YES,0,3600,2011,N,1421.59,Police
63,26,Minor Damage,polo,YES,-36500,3440,2004,N,1500.04,Police
210,35,Total Loss,yachting,?,-19500,19110,2006,Y,1433.24,Fire
194,38,Minor Damage,movies,?,0,39040,2011,N,1231.25,Ambulance
294,49,Total Loss,bungie-jumping,YES,0,35100,2010,N,1135.43,Police
272,41,Minor Damage,chess,NO,-42800,58870,2009,Y,945.73,Fire
27,27,Total Loss,dancing,?,-55800,47880,2008,N,1118.76,Fire
251,39,Minor Damage,hiking,?,-31700,33180,1997,N,1231.98,Police
180,33,Minor Damage,hiking,YES,-49000,40390,2002,N,1005.47,Ambulance
392,50,Minor Damage,exercise,YES,-66800,74790,2002,N,1108.97,Other
143,30,Minor Damage,dancing,YES,-65700,38010,2010,N,1392.39,Fire
371,54,Major Damage,movies,?,-81000,21520,2010,Y,1317.97,Ambulance
292,42,Total Loss,camping,NO,-53800,59220,2007,N,1588.22,Other
165,35,Total Loss,camping,YES,-49900,55760,2008,N,900.02,Other
158,33,Total Loss,movies,NO,0,25480,1998,N,1744.64,Ambulance
241,39,Minor Damage,paintball,YES,-54900,28140,2010,N,1260.56,Police
103,33,Major Damage,paintball,?,-47700,50330,2014,N,1021.14,Ambulance
402,54,Major Damage,board-games,YES,-79600,45180,2013,Y,1285.09,Other
102,32,Total Loss,chess,NO,0,33180,2004,Y,1537.07,Other
182,40,Total Loss,skydiving,?,-56900,49770,2008,N,1022.42,Other
282,46,Minor Damage,dancing,NO,-75100,48580,2012,N,1558.86,Police
222,39,Major Damage,board-games,?,0,40000,1996,Y,1757.87,Other
415,52,Total Loss,polo,YES,0,35370,2003,N,973.5,Police
51,34,Major Damage,camping,NO,0,38520,2007,Y,1430.8,Fire
255,45,Total Loss,base-jumping,YES,-40200,42840,2006,N,1192.27,Other
143,31,Major Damage,movies,?,0,55360,1999,N,1163.83,Other
130,28,Minor Damage,movies,NO,-38500,58860,2010,N,1003.15,Ambulance
242,41,Minor Damage,polo,?,-57000,43330,2009,N,1153.54,Fire
96,27,Trivial Damage,exercise,NO,0,4690,2007,N,1631.1,Police
180,35,Minor Damage,yachting,NO,-55800,3570,2000,N,1252.48,None
150,30,Trivial Damage,yachting,YES,0,3570,2013,N,1677.26,Police
463,59,Major Damage,yachting,NO,0,50680,1999,Y,979.73,Other
472,64,Major Damage,skydiving,NO,0,49630,2002,N,989.24,Fire
75,25,Total Loss,hiking,YES,0,52080,2011,N,1389.86,Other
193,40,Total Loss,chess,YES,0,49980,1999,N,1233.85,Ambulance
43,43,Major Damage,yachting,?,0,50890,1996,Y,1320.39,Ambulance
253,41,Total Loss,bungie-jumping,?,0,44030,1995,N,1435.09,Police
152,30,Major Damage,polo,?,0,69210,2000,Y,1448.54,Fire
160,38,Major Damage,sleeping,YES,-43800,44520,1996,N,1733.56,Fire
56,36,Major Damage,exercise,YES,-28800,52000,2001,N,1533.07,Police
286,41,Trivial Damage,golf,NO,-62500,4000,2003,N,1106.77,Police
3,29,Trivial Damage,chess,?,0,3500,2008,Y,995.7,Police
286,41,Major Damage,camping,YES,-70300,36300,2007,N,1298.85,Ambulance
239,38,Major Damage,bungie-jumping,?,0,48160,2003,N,1276.73,Police
64,29,Minor Damage,cross-fit,NO,-61400,34960,2007,Y,1202.28,Ambulance
98,31,Minor Damage,bungie-jumping,?,-26400,49840,1997,N,671.92,Other
16,35,Total Loss,chess,?,-31400,35000,2008,Y,1358.03,Other
70,27,Trivial Damage,video-games,?,0,3850,2000,N,1008.79,Police
75,27,Minor Damage,movies,YES,0,53730,2008,N,1141.1,Police
246,44,Minor Damage,reading,NO,0,48020,1997,N,1397.0,Other
110,27,Total Loss,golf,?,-66200,46000,2010,N,1664.66,Ambulance
236,39,Minor Damage,reading,?,-63900,6090,2003,N,1151.39,Police
267,46,Total Loss,polo,?,0,53970,1996,N,1546.01,Police
463,57,Minor Damage,dancing,YES,0,46200,1995,N,1063.67,Police
303,46,Minor Damage,kayaking,NO,0,39920,2006,N,709.14,Fire
137,30,Minor Damage,kayaking,?,-59700,53840,2005,N,1039.55,Other
56,42,Total Loss,chess,YES,0,39130,1998,N,1339.39,Other
75,27,Minor Damage,board-games,YES,-90100,59670,2003,N,1202.75,Police
131,33,Minor Damage,yachting,NO,-65200,3920,2010,N,1081.17,Police
153,34,Total Loss,paintball,NO,-61400,49490,2000,N,991.39,Other
255,43,Major Damage,board-games,?,0,52290,2007,Y,984.02,Fire
103,26,Minor Damage,sleeping,?,0,32480,2010,N,1354.83,Police
97,28,Total Loss,video-games,?,-32600,25150,2006,N,830.31,Ambulance
214,36,Minor Damage,kayaking,?,0,34240,2006,N,987.42,Ambulance
438,57,Minor Damage,chess,NO,0,32560,2000,Y,1119.29,Police
87,27,Minor Damage,polo,YES,0,25200,1996,N,1048.39,Police
27,28,Trivial Damage,camping,?,0,2400,2012,N,1074.47,Police
206,42,Major Damage,yachting,NO,-74200,57440,1997,Y,1230.76,Fire
127,31,Minor Damage,reading,NO,0,4480,1996,N,1255.02,None
422,60,Major Damage,hiking,NO,-67800,62000,1999,N,1555.52,Ambulance
303,50,Major Damage,camping,NO,0,54630,2010,N,836.11,Fire
228,40,Trivial Damage,base-jumping,NO,0,3850,2010,N,1450.98,Police
239,39,Major Damage,hiking,YES,-37000,63920,2014,Y,625.08,Fire
330,47,Total Loss,chess,YES,-56400,44000,1999,Y,1133.27,Other
128,35,Minor Damage,kayaking,NO,0,56140,2008,N,1366.6,Fire
147,37,Total Loss,video-games,NO,-48400,39040,2004,N,1439.9,Other
287,45,Minor Damage,golf,NO,-54600,43040,2006,N,1230.69,Fire
142,29,Major Damage,dancing,NO,-48500,40770,1995,Y,1307.68,Police
162,35,Major Damage,bungie-jumping,YES,0,39520,2001,N,1124.69,Police
140,35,Trivial Damage,chess,YES,-42900,2080,1997,Y,1520.78,None
106,28,Minor Damage,polo,YES,0,4270,1999,N,1609.11,Police
292,45,Trivial Damage,dancing,?,0,5360,1997,N,1358.91,Police
34,34,Major Damage,chess,NO,0,40640,1997,Y,1295.87,Ambulance
290,48,Minor Damage,video-games,?,0,31140,2014,N,1161.03,Fire
182,38,Total Loss,movies,YES,-78300,65200,2005,N,1441.06,Police
362,55,Total Loss,base-jumping,NO,-71500,39690,1998,N,1097.99,Police
143,32,Major Damage,golf,NO,0,50940,1995,N,1464.42,Ambulance
183,38,Major Damage,paintball,YES,0,37760,2001,Y,1543.68,Police
254,40,Minor Damage,bungie-jumping,?,-74400,38880,2009,N,1390.89,Other
249,43,Total Loss,golf,YES,-71200,45680,2014,N,1148.58,Fire
169,36,Total Loss,yachting,?,-57600,56320,2004,N,1616.26,Ambulance
235,40,Minor Damage,bungie-jumping,NO,0,47810,2003,N,1398.94,Ambulance
112,32,Trivial Damage,base-jumping,?,-53700,3680,2012,N,1238.92,None
16,32,Total Loss,chess,?,-66200,39600,1995,Y,968.46,Ambulance
128,31,Major Damage,cross-fit,?,-28300,54390,2013,Y,1045.12,Ambulance
103,27,Minor Damage,board-games,NO,-74800,54390,2008,N,1537.33,Police
356,54,Major Damage,yachting,?,-44000,43750,2007,Y,912.3,Other
109,29,Minor Damage,movies,YES,0,57960,1995,N,1007.28,Police
2,20,Minor Damage,golf,YES,-54700,36270,2000,N,1189.98,Other
198,34,Major Damage,kayaking,YES,-55100,76000,2001,N,1576.41,Other
107,32,Trivial Damage,yachting,NO,0,2730,2010,N,1172.82,Police
252,39,Minor Damage,cross-fit,NO,-33300,41580,2010,Y,1312.22,Other
303,43,Minor Damage,camping,?,-61500,46830,2013,N,671.01,Fire
101,32,Minor Damage,video-games,YES,-30400,30520,2010,N,895.14,Ambulance
446,57,Total Loss,sleeping,NO,-64900,43960,2012,N,1373.21,Police
330,48,Major Damage,skydiving,?,0,41650,2006,N,1625.65,Ambulance
211,37,Total Loss,skydiving,?,-33800,41580,2009,N,1295.63,Police
172,33,Total Loss,reading,NO,-42000,26530,1999,N,1459.96,Ambulance
316,46,Minor Damage,paintball,YES,-51000,44170,2000,N,1219.94,Ambulance
435,60,Total Loss,chess,?,-43300,47160,2007,Y,1064.49,Ambulance
344,51,Major Damage,paintball,YES,-38700,46400,2006,Y,959.83,Fire
204,40,Total Loss,hiking,NO,-49300,33600,1997,N,1767.02,Ambulance
278,47,Major Damage,sleeping,YES,-39800,46800,2010,N,1285.01,Ambulance
434,57,Major Damage,bungie-jumping,NO,0,44160,2003,N,1422.95,Other
209,36,Total Loss,camping,?,0,49080,2014,N,1223.39,Ambulance
250,43,Minor Damage,exercise,?,0,42800,2002,N,1539.06,Fire
61,25,Minor Damage,dancing,NO,0,24240,2000,N,988.06,Ambulance
80,28,Major Damage,golf,?,-18600,26040,2011,N,1740.57,Police
25,38,Trivial Damage,polo,YES,0,2880,1995,N,1540.91,None
4,29,Trivial Damage,exercise,?,-77800,2940,2008,N,1381.88,Police
32,29,Minor Damage,sleeping,NO,-45700,42160,2006,N,1446.98,Ambulance
125,31,Trivial Damage,paintball,?,-40400,3360,2003,N,1220.86,None
276,45,Minor Damage,reading,?,-61400,48510,2010,N,948.1,Fire
148,30,Minor Damage,camping,NO,-93600,24360,1997,N,1471.24,Police
222,38,Total Loss,hiking,YES,-64500,47040,2001,N,1157.97,Police
32,38,Trivial Damage,polo,NO,0,1760,2015,N,566.11,Police
78,27,Trivial Damage,skydiving,NO,-66500,4400,2009,N,1060.88,Police
238,43,Total Loss,chess,NO,-44800,34160,1995,Y,1524.45,Ambulance
313,47,Major Damage,reading,NO,-53300,29280,1996,Y,1556.17,Ambulance
334,50,Major Damage,polo,?,-47200,35000,2008,N,1216.24,Fire
190,35,Trivial Damage,golf,NO,0,2880,1998,N,1484.72,None
194,41,Minor Damage,video-games,?,-51300,61650,1999,N,1203.81,Police
290,47,Minor Damage,bungie-jumping,YES,-61400,37440,2002,N,1393.34,Ambulance
26,42,Major Damage,sleeping,?,-36300,45840,1996,N,1484.48,Police
254,41,Minor Damage,skydiving,NO,-48000,46160,1999,N,1581.27,Police
199,38,Major Damage,movies,NO,-53100,32320,2007,Y,1281.25,Police
137,35,Minor Damage,paintball,NO,-67400,4200,2005,N,1667.83,Police
134,36,Minor Damage,kayaking,YES,-44500,57900,1996,N,1497.41,Ambulance
73,30,Total Loss,reading,YES,0,45600,2013,N,803.36,Other
289,45,Trivial Damage,movies,NO,-72500,2100,2006,N,1221.41,Police
176,36,Total Loss,kayaking,YES,-50600,34400,2006,N,1865.83,Police
145,37,Major Damage,sleeping,?,-35900,40080,2002,N,1434.27,Other
164,31,Trivial Damage,reading,NO,-55900,3360,2002,N,1114.68,Police
186,38,Total Loss,video-games,?,-60300,51570,1998,Y,1218.56,Police
85,31,Major Damage,paintball,?,0,52080,2003,Y,1234.69,Other
162,33,Major Damage,base-jumping,NO,0,28240,1996,Y,964.92,Fire
396,57,Minor Damage,camping,?,-49400,1680,2000,N,1351.72,None
270,41,Total Loss,cross-fit,NO,0,46300,2014,Y,817.28,Ambulance
168,39,Major Damage,exercise,NO,-42600,30240,2015,Y,1389.59,Fire
274,45,Minor Damage,cross-fit,NO,-47900,46800,1995,Y,1353.53,Ambulance
263,43,Minor Damage,movies,YES,0,59490,1997,N,1294.04,Fire
152,33,Minor Damage,chess,?,0,67590,2002,Y,840.81,Ambulance
46,41,Total Loss,video-games,?,-66300,45850,2004,Y,998.19,Ambulance
276,46,Minor Damage,chess,?,-70400,39970,2007,Y,1090.32,Ambulance
234,44,Major Damage,exercise,NO,0,56160,2012,Y,1780.67,Ambulance
64,30,Minor Damage,base-jumping,NO,-51100,2940,2015,N,1681.01,None
456,62,Major Damage,chess,NO,-49500,49860,2012,Y,1395.77,Other
58,23,Major Damage,reading,NO,0,36640,2007,Y,1471.44,Fire
475,61,Major Damage,paintball,?,-59500,44550,1998,N,1265.72,Fire
96,29,Major Damage,hiking,YES,-58700,38780,2004,Y,1274.7,Ambulance
99,28,Total Loss,basketball,YES,0,34930,1998,N,1330.39,Other
38,28,Minor Damage,golf,YES,0,49920,2000,N,1122.95,Ambulance
259,44,Minor Damage,exercise,YES,0,73260,2002,N,1655.79,Other
241,43,Trivial Damage,golf,YES,-36000,5200,2003,N,935.77,Police
437,58,Total Loss,dancing,NO,-31400,33480,2004,N,1192.04,Ambulance
130,34,Trivial Damage,kayaking,YES,-41200,3710,2015,N,990.11,None
269,41,Major Damage,polo,NO,-46400,51540,2005,Y,1422.21,Ambulance
103,29,Minor Damage,base-jumping,NO,0,4740,2005,N,914.85,Police
284,43,Total Loss,kayaking,YES,0,26880,2007,N,1123.84,Fire
189,39,Minor Damage,movies,YES,0,51520,1997,N,838.02,Police
267,43,Minor Damage,sleeping,YES,0,1440,2011,N,1300.68,None
39,22,Major Damage,polo,YES,0,62640,2009,Y,1173.21,Police
140,32,Major Damage,cross-fit,?,0,59760,1995,Y,985.97,Fire
243,41,Major Damage,camping,YES,-60400,35210,1999,Y,1129.23,Fire
116,31,Major Damage,camping,NO,0,30940,1997,N,1194.83,Police
219,43,Major Damage,polo,YES,0,54540,2006,N,1114.29,Ambulance
96,26,Total Loss,bungie-jumping,NO,0,56960,2007,N,1509.04,Ambulance
149,34,Total Loss,skydiving,NO,-60000,72720,1999,N,664.86,Fire
246,43,Minor Damage,basketball,?,0,40560,2006,N,1267.4,Fire
293,45,Total Loss,exercise,NO,0,34140,2015,N,1119.23,Fire
339,48,Total Loss,dancing,?,0,34560,2001,N,1698.51,Fire
160,33,Total Loss,exercise,YES,0,42240,2006,N,1422.78,Ambulance
224,42,Minor Damage,kayaking,YES,-51400,32200,1998,N,1212.75,Fire
194,34,Minor Damage,camping,NO,-37900,6300,2003,N,1423.34,None
385,51,Minor Damage,reading,?,-61000,47320,2007,N,976.37,Other
100,33,Minor Damage,golf,NO,0,27200,2004,N,1124.59,Other
371,50,Major Damage,board-games,YES,0,58500,2011,Y,1569.33,Other
175,39,Major Damage,hiking,YES,-43600,52080,2012,Y,1359.36,Other
373,55,Major Damage,yachting,NO,0,42420,2007,Y,1607.36,Other
258,41,Major Damage,reading,NO,-44400,54160,2008,Y,1042.25,Fire
255,39,Total Loss,bungie-jumping,NO,0,20510,2010,N,1453.95,Fire
37,31,Total Loss,skydiving,YES,0,55600,1995,N,1969.63,Fire
322,44,Major Damage,cross-fit,?,-62700,34580,2010,N,1156.19,Fire
204,38,Total Loss,kayaking,?,-45100,57610,2003,N,1124.47,Ambulance
76,31,Minor Damage,movies,NO,-44000,5840,1995,N,1493.5,Police
193,40,Minor Damage,movies,YES,-32300,51120,2001,N,1155.38,Fire
405,55,Minor Damage,golf,NO,0,28980,1997,N,878.19,Fire
435,58,Total Loss,movies,YES,-40000,27660,2004,N,1145.85,Other
54,35,Minor Damage,hiking,?,-42100,57520,2012,N,1261.28,Fire
144,35,Major Damage,cross-fit,?,0,61530,1995,N,1427.46,Police
92,32,Total Loss,yachting,YES,-29100,42720,1996,N,1592.41,Ambulance
173,36,Total Loss,basketball,NO,0,33110,1995,N,1274.63,Fire
436,60,Minor Damage,bungie-jumping,NO,-65300,59680,2005,N,1362.31,Ambulance
155,35,Minor Damage,hiking,?,0,32240,1997,N,919.37,Ambulance
78,31,Minor Damage,kayaking,?,0,34860,1997,N,1377.23,Other
440,57,Major Damage,paintball,?,-52100,43400,2007,Y,995.55,Police
264,43,Major Damage,basketball,NO,0,40500,2015,Y,1508.12,Other
66,30,Major Damage,paintball,YES,-60800,41720,2015,Y,484.67,Fire
366,50,Minor Damage,basketball,NO,0,44730,2012,N,1561.41,Police
188,37,Total Loss,hiking,YES,0,35000,2003,N,1457.21,Ambulance
224,39,Total Loss,sleeping,?,-47100,43260,2007,N,1128.71,Fire
253,46,Major Damage,movies,NO,0,46960,2001,N,1358.2,Ambulance
446,61,Minor Damage,reading,YES,-62100,49350,2007,N,1232.79,Other
169,37,Total Loss,movies,YES,-48500,34740,2005,N,936.19,Police
255,46,Minor Damage,video-games,NO,-52600,42080,2011,N,1302.34,Fire
209,39,Minor Damage,polo,NO,0,25200,1995,N,1264.99,Fire
210,37,Total Loss,hiking,YES,-33100,50640,2000,N,1467.76,Ambulance
174,33,Total Loss,paintball,YES,0,30940,1995,N,1124.43,Ambulance
70,28,Minor Damage,yachting,YES,-59400,24640,2006,N,1319.81,Police
89,32,Trivial Damage,kayaking,?,-45100,70,2002,N,1482.53,Police
458,61,Minor Damage,bungie-jumping,NO,0,43820,2003,N,1328.18,Fire
239,40,Total Loss,skydiving,YES,0,57060,2003,N,1463.95,Police
161,38,Total Loss,exercise,YES,0,40320,2003,N,1133.85,Police
446,61,Minor Damage,skydiving,NO,-15700,60660,2005,N,1037.32,Police
476,61,Total Loss,dancing,YES,-68200,35920,2009,N,1562.8,Fire
70,29,Minor Damage,video-games,?,-52300,46240,2009,N,1425.79,Ambulance
233,41,Minor Damage,board-games,?,0,2380,2011,N,1615.14,None
122,33,Trivial Damage,bungie-jumping,NO,-48700,3680,2003,N,1236.5,None
335,48,Total Loss,chess,YES,-34800,26080,2005,Y,1017.97,Police
257,40,Major Damage,cross-fit,?,-46900,38500,2008,Y,1306.0,Ambulance
85,27,Minor Damage,dancing,NO,-61500,42960,2012,N,1174.14,Fire
133,30,Minor Damage,board-games,?,-31700,22120,2007,N,1231.01,Fire
119,34,Major Damage,hiking,YES,0,28980,1998,Y,1299.18,Fire
169,34,Minor Damage,reading,YES,-57600,27090,2012,N,1469.75,Fire
225,39,Trivial Damage,paintball,YES,-52100,4240,2011,N,1390.72,None
84,32,Total Loss,cross-fit,?,0,42930,1995,Y,1694.09,Other
169,39,Total Loss,exercise,NO,-36800,33600,2015,N,1140.15,Police
124,32,Total Loss,kayaking,NO,0,46160,2003,N,1310.71,Ambulance
320,48,Minor Damage,hiking,NO,-41700,42120,1995,N,1730.49,Fire
297,47,Total Loss,movies,YES,-59500,33300,1999,N,1616.65,Fire
421,56,Major Damage,reading,?,-81100,67440,2004,Y,1935.85,Ambulance
136,33,Minor Damage,paintball,YES,0,21490,2015,N,855.14,Fire
46,24,Major Damage,yachting,?,0,39620,1999,N,1568.47,Fire
34,24,Trivial Damage,dancing,?,-27700,2640,1998,N,1550.53,None
95,30,Minor Damage,video-games,?,0,24360,1999,N,1370.92,Police
140,36,Minor Damage,kayaking,YES,0,63600,2000,N,1363.59,Other
200,34,Total Loss,basketball,NO,0,44800,2009,N,828.42,Police
123,29,Minor Damage,chess,YES,-44200,56980,2014,Y,1209.63,Ambulance
267,46,Trivial Damage,base-jumping,YES,0,3600,1995,N,1111.17,None
290,42,Minor Damage,kayaking,NO,0,33600,2013,N,989.97,Ambulance
45,37,Major Damage,dancing,YES,0,36540,2005,N,1114.23,Fire
186,38,Minor Damage,dancing,?,-111100,49200,1995,N,1347.31,Ambulance
135,34,Total Loss,base-jumping,NO,-69600,54740,2009,N,1687.53,Fire
110,33,Major Damage,bungie-jumping,NO,0,32200,2015,Y,1183.48,Ambulance
259,43,Total Loss,kayaking,YES,-58300,44380,2012,N,1537.13,Other
114,30,Minor Damage,dancing,YES,-34700,3640,2013,N,1173.25,None
404,56,Minor Damage,cross-fit,YES,-63700,42480,2005,Y,1361.16,Ambulance
282,48,Minor Damage,video-games,NO,-55300,2560,2013,N,1422.56,None
57,25,Total Loss,dancing,YES,-54100,43740,2010,N,1143.06,Ambulance
215,38,Total Loss,camping,NO,0,49490,2008,N,1405.71,Police
140,30,Minor Damage,bungie-jumping,?,0,43760,2006,N,1354.2,Other
250,42,Major Damage,paintball,?,-40700,54400,2009,Y,1055.6,Other
286,41,Trivial Damage,paintball,?,0,2870,2009,N,999.43,Police
356,47,Minor Damage,camping,?,0,44720,2009,N,1155.97,Other
65,29,Trivial Damage,basketball,?,0,5040,1999,N,1726.91,None
187,34,Minor Damage,polo,?,0,32800,2011,N,1232.57,Fire
386,53,Minor Damage,camping,YES,0,48480,2006,N,1078.65,Police
197,41,Major Damage,basketball,YES,-64500,53480,1997,Y,1324.78,Police
166,37,Total Loss,kayaking,NO,0,37100,2001,N,1518.54,Ambulance
293,49,Total Loss,skydiving,?,0,41680,2002,N,1239.06,Police
179,32,Minor Damage,movies,?,0,41300,2006,N,1246.68,Fire
76,24,Total Loss,paintball,?,0,52290,1997,N,1622.67,Ambulance
105,28,Major Damage,golf,NO,0,42350,1995,N,1082.36,Fire
97,26,Total Loss,chess,NO,-72100,61760,2006,Y,1270.55,Other
148,36,Total Loss,hiking,NO,0,44400,2009,N,1236.32,Police
77,26,Major Damage,movies,?,0,50240,2009,Y,785.82,Police
295,46,Minor Damage,paintball,YES,-44500,3420,2007,N,1265.84,None
126,28,Total Loss,skydiving,?,0,45200,2011,N,1508.9,Police
132,32,Minor Damage,reading,YES,-31900,3920,2005,N,1106.84,Police
370,55,Minor Damage,basketball,?,-53200,6300,2015,N,1389.13,None
257,43,Total Loss,kayaking,YES,0,56880,2006,N,974.84,Police
9,24,Trivial Damage,golf,YES,-33300,4320,2001,Y,1304.46,None
185,34,Major Damage,movies,?,0,37360,2000,Y,1257.36,Fire
234,43,Major Damage,reading,YES,-48800,36120,2011,N,1257.04,Police
253,44,Trivial Damage,golf,?,0,4200,1998,N,719.52,None
233,39,Minor Damage,reading,YES,0,38010,1999,N,1524.18,Fire
274,44,Minor Damage,reading,?,0,3870,2000,N,1395.58,Police
297,48,Major Damage,camping,?,-71400,48090,2002,Y,1243.68,Other
273,47,Minor Damage,video-games,?,0,27860,2014,N,1189.04,Police
147,37,Major Damage,chess,?,0,43680,2015,Y,1375.29,Ambulance
285,42,Total Loss,golf,?,-79400,36890,2005,N,1389.13,Fire
289,43,Minor Damage,base-jumping,?,0,53340,2010,N,1387.51,Fire
427,60,Major Damage,board-games,YES,-54400,58410,2004,Y,1178.61,Ambulance
380,53,Trivial Damage,bungie-jumping,NO,0,4560,2001,N,1166.62,Police
13,21,Total Loss,golf,YES,-75000,77670,2014,N,1556.31,Police
282,43,Major Damage,video-games,NO,0,32760,2007,Y,1452.27,Ambulance
312,47,Total Loss,polo,NO,-51800,42240,2000,N,1212.07,Fire
266,46,Minor Damage,chess,YES,-41400,60720,1996,N,1578.54,Fire
30,36,Total Loss,golf,?,-63500,46320,2008,N,1488.26,Police
198,36,Total Loss,kayaking,YES,0,38430,2015,N,1096.39,Fire
290,45,Minor Damage,reading,NO,0,52960,2012,N,1215.36,Fire
260,46,Minor Damage,reading,NO,0,42720,2005,N,1482.57,Fire
233,43,Minor Damage,dancing,YES,0,29750,2000,N,954.18,Other
130,30,Total Loss,bungie-jumping,?,-40800,35600,2005,N,1193.4,Other
230,42,Minor Damage,golf,YES,-45300,37450,1999,N,1023.11,Other
212,40,Minor Damage,golf,YES,0,65920,2006,N,1524.45,Other
299,44,Minor Damage,bungie-jumping,?,-48800,40680,2009,N,1653.32,Ambulance
91,26,Minor Damage,video-games,?,0,59360,1996,N,1022.46,Other
398,53,Total Loss,base-jumping,?,0,36890,2000,N,1396.43,Fire
218,43,Major Damage,polo,YES,-64500,47740,2003,Y,1521.55,Fire
152,33,Minor Damage,exercise,NO,0,49700,2014,N,1034.27,Fire
212,39,Total Loss,skydiving,YES,-58900,41510,2008,N,1255.35,Ambulance
242,44,Minor Damage,chess,YES,-61600,46830,1999,Y,1396.89,Other
80,27,Major Damage,skydiving,?,-51000,29680,2000,Y,795.31,Police
260,43,Total Loss,skydiving,?,-72100,52780,2011,N,982.22,Fire
133,34,Minor Damage,bungie-jumping,YES,-61100,2940,2013,N,1074.07,None
290,45,Major Damage,chess,YES,0,40950,2001,Y,1311.3,Ambulance
322,49,Major Damage,kayaking,YES,-46000,26880,2007,N,1277.12,Ambulance
228,39,Minor Damage,reading,YES,0,46270,1995,N,1388.62,Other
195,37,Major Damage,base-jumping,NO,0,35360,2002,Y,1406.52,Ambulance
247,39,Trivial Damage,reading,?,-49300,5390,2000,N,1558.29,Police
405,57,Total Loss,exercise,?,0,40960,2008,N,1132.47,Other
144,37,Major Damage,sleeping,NO,0,38080,2015,Y,1896.91,Fire
338,47,Total Loss,polo,?,0,39040,2002,N,1143.46,Other
121,34,Major Damage,video-games,NO,0,53840,2000,Y,1285.42,Fire
398,55,Major Damage,skydiving,YES,-49700,26720,1998,Y,1305.26,Fire
9,30,Total Loss,dancing,NO,0,54530,2011,N,1073.83,Police
115,31,Major Damage,bungie-jumping,NO,0,29890,2005,Y,1051.67,Ambulance
280,48,Minor Damage,paintball,?,-72000,40880,1998,N,1387.35,Fire
254,45,Total Loss,paintball,?,0,53120,2004,N,1083.64,Police
141,30,Total Loss,exercise,YES,0,48020,2002,N,1851.78,Fire
441,55,Minor Damage,exercise,NO,-50500,5120,2002,N,1270.29,None
381,55,Major Damage,chess,YES,0,42420,2011,N,1459.99,Fire
191,38,Major Damage,sleeping,NO,0,40960,2007,N,1253.44,Ambulance
145,34,Total Loss,sleeping,NO,0,38000,2012,N,1142.48,Ambulance
479,60,Total Loss,camping,?,-44800,37730,2006,N,1188.45,Other
215,35,Trivial Damage,yachting,NO,-43400,1980,2001,N,1125.4,None
41,33,Minor Damage,sleeping,?,0,6210,2011,N,1294.41,None
45,31,Minor Damage,movies,?,0,4000,2000,N,1459.5,None
156,38,Major Damage,board-games,?,0,38640,1998,Y,1367.99,Fire
246,45,Trivial Damage,board-games,YES,0,5280,2008,N,1594.37,None
178,39,Minor Damage,sleeping,?,0,41160,2010,N,1035.99,Police
237,43,Major Damage,basketball,NO,0,47360,1998,N,911.53,Police
127,34,Minor Damage,paintball,?,0,3290,1998,N,1319.97,None
1,33,Total Loss,video-games,NO,0,55520,2000,N,1391.63,Other
5,21,Total Loss,sleeping,NO,0,32400,1998,N,915.41,Police
64,28,Minor Damage,skydiving,NO,-51800,45000,1997,N,1468.82,Fire
142,30,Minor Damage,basketball,NO,-63700,44880,1996,N,1412.76,Other
97,27,Total Loss,movies,YES,-49300,58870,2014,N,1588.26,Other
121,31,Major Damage,paintball,?,0,51440,2002,Y,1140.91,Fire
225,43,Major Damage,camping,YES,-20900,51520,2011,N,1517.54,Police
425,53,Minor Damage,paintball,?,-39100,64720,2005,N,912.29,Fire
285,44,Minor Damage,base-jumping,?,0,4500,2010,N,1144.3,Police
192,38,Total Loss,skydiving,NO,-50300,21490,2010,N,1281.43,Other
285,48,Minor Damage,dancing,YES,0,26040,2012,N,1101.85,Police
98,26,Total Loss,kayaking,YES,-30900,43620,2001,N,1082.1,Police
175,36,Major Damage,kayaking,YES,-52500,31040,2006,Y,1185.44,Police
259,45,Minor Damage,movies,NO,0,71820,2011,N,1175.07,Fire
140,36,Major Damage,cross-fit,YES,-67000,43680,1998,N,979.26,Fire
231,37,Major Damage,chess,?,0,63280,1997,Y,920.81,Fire
186,38,Trivial Damage,golf,YES,-70900,2800,1999,N,922.85,None
229,41,Major Damage,chess,NO,0,41760,2009,N,1107.59,Other
180,36,Minor Damage,exercise,?,0,50640,1998,N,1272.46,Ambulance
188,33,Minor Damage,chess,?,-68800,55280,1995,Y,1340.24,Police
214,40,Total Loss,base-jumping,YES,-43500,32160,2000,N,1648.0,Other
178,38,Minor Damage,camping,NO,0,41600,2011,N,1381.14,Other
55,35,Minor Damage,polo,NO,0,1960,1998,N,1198.44,Police
90,31,Total Loss,hiking,YES,0,55120,2007,N,951.27,Other
135,30,Minor Damage,skydiving,NO,-46500,23760,2003,N,1341.24,Ambulance
277,46,Minor Damage,video-games,NO,-65500,2580,2010,N,1177.57,Police
211,38,Total Loss,video-games,YES,0,66560,2005,Y,1055.09,Fire
156,32,Major Damage,bungie-jumping,YES,0,54320,2008,Y,1479.48,Other
84,30,Trivial Damage,polo,?,-15900,3360,1998,N,1827.38,Police
136,32,Major Damage,yachting,NO,0,35000,2008,Y,1169.62,Police
310,48,Major Damage,sleeping,NO,0,39600,1996,Y,1516.34,Police
123,34,Total Loss,sleeping,?,-61200,49120,2000,N,1270.21,Fire
243,44,Minor Damage,polo,YES,0,35980,1996,N,809.11,Other
36,37,Minor Damage,reading,?,-59800,32520,2008,N,1115.81,Ambulance
146,31,Major Damage,camping,?,0,40740,2010,N,1457.65,Ambulance
154,34,Total Loss,cross-fit,YES,-43900,47320,2005,Y,1041.36,Other
204,40,Minor Damage,polo,?,-20800,42720,2003,N,1693.83,Police
458,59,Total Loss,hiking,YES,0,43080,1995,N,1685.69,Police
147,31,Major Damage,exercise,?,0,59710,2013,Y,1054.92,Other
279,45,Major Damage,bungie-jumping,?,-30700,38850,2011,Y,1333.97,Other
308,47,Minor Damage,movies,YES,-41400,3870,2002,N,1013.61,None
284,48,Major Damage,exercise,?,0,29820,1998,N,958.3,Fire
108,31,Minor Damage,base-jumping,NO,-54300,2730,1998,N,1112.04,None
421,57,Minor Damage,bungie-jumping,NO,0,54950,2015,N,1206.26,Police
266,42,Total Loss,movies,YES,-49700,55090,2005,N,763.67,Police
412,56,Total Loss,yachting,NO,-66100,45360,1997,N,1042.56,Police
31,32,Major Damage,hiking,?,-87300,47700,1997,Y,1263.48,Fire
465,63,Minor Damage,board-games,?,0,33880,2015,N,1006.99,Other
126,31,Total Loss,exercise,NO,-45800,40560,2011,N,1328.26,Police
407,55,Total Loss,bungie-jumping,YES,-57700,45440,2010,N,1250.08,Police
101,27,Minor Damage,video-games,NO,-43700,3760,2001,N,982.7,None
187,37,Total Loss,reading,?,0,46160,2000,N,1412.06,Ambulance
252,46,Total Loss,sleeping,NO,0,59680,2014,N,1066.7,Other
229,43,Minor Damage,reading,YES,-44400,3360,2012,N,1585.54,None
246,39,Minor Damage,yachting,?,-36600,35140,2004,N,1416.08,Ambulance
190,38,Total Loss,movies,NO,-50000,31570,2013,N,1246.03,Other
95,32,Total Loss,golf,YES,-48600,52920,2003,N,1356.64,Police
205,42,Minor Damage,skydiving,NO,0,54810,1995,N,1387.7,Police
41,25,Major Damage,sleeping,NO,0,33600,1995,N,1004.14,Fire
137,35,Minor Damage,movies,YES,-45300,2100,2008,N,1107.07,Police
194,34,Minor Damage,board-games,YES,0,40040,2005,N,1429.96,Ambulance
128,35,Trivial Damage,bungie-jumping,?,-48800,5520,2012,N,1074.99,Police
150,37,Total Loss,board-games,?,-89400,55440,2013,N,1007.0,Police
104,30,Minor Damage,skydiving,YES,-70100,3360,2006,N,1052.85,Police
163,37,Minor Damage,cross-fit,YES,-36400,2730,2008,Y,1200.33,Police
80,26,Minor Damage,camping,NO,0,72320,1995,N,1343.0,Other
65,29,Minor Damage,kayaking,?,0,44030,1998,N,1441.6,Other
179,32,Major Damage,base-jumping,NO,0,37940,2014,Y,1433.42,Police
372,50,Major Damage,paintball,YES,0,36260,2003,N,1368.57,Police
398,55,Trivial Damage,movies,?,0,4800,2012,N,862.19,Police
213,35,Total Loss,movies,YES,-77700,53920,2007,N,871.46,Fire
79,25,Total Loss,paintball,?,-35200,47460,1995,N,1863.04,Fire
232,44,Major Damage,exercise,YES,0,38780,2002,Y,1181.64,Fire
230,37,Major Damage,reading,?,-51500,34370,1996,Y,1060.74,Ambulance
234,41,Major Damage,video-games,?,-78600,75600,2007,Y,951.56,Police
240,40,Total Loss,polo,?,-70900,48400,2008,N,1533.71,Fire
143,33,Major Damage,board-games,?,-5700,49280,2002,N,1200.09,Fire
266,42,Major Damage,board-games,NO,-49600,39960,2015,Y,1093.83,Ambulance
89,32,Total Loss,golf,YES,0,53830,1999,N,988.93,Other
229,37,Total Loss,base-jumping,YES,-55400,34720,2004,N,1331.94,Other
245,40,Minor Damage,camping,YES,0,67230,1999,N,1361.45,Ambulance
50,44,Total Loss,bungie-jumping,NO,-65800,42770,2008,N,1188.51,Police
230,43,Minor Damage,cross-fit,YES,0,36330,2011,Y,1101.83,Police
17,39,Trivial Damage,hiking,?,-80800,2580,2002,N,840.95,Police
163,36,Total Loss,cross-fit,NO,-49900,34260,2013,N,1503.21,Ambulance
29,32,Major Damage,base-jumping,?,-21500,61520,1995,N,1722.5,Other
232,42,Minor Damage,kayaking,?,-58400,53900,2015,Y,944.03,Other
235,39,Major Damage,yachting,?,0,41760,2012,Y,1453.61,Other
295,46,Minor Damage,dancing,NO,0,42490,1997,N,1672.88,Fire
22,21,Total Loss,movies,?,-54000,47360,2015,N,1248.05,Police
286,43,Minor Damage,movies,YES,-32800,26670,2013,N,1564.43,Fire
257,44,Total Loss,basketball,NO,-32200,41760,2002,N,1280.88,Other
94,26,Major Damage,camping,YES,0,25690,2010,N,722.66,Fire
124,28,Total Loss,camping,?,-32100,48160,2012,N,1235.14,Other
141,30,Minor Damage,bungie-jumping,YES,-82100,4860,1996,N,1347.04,None
3,38,Minor Damage,paintball,?,0,61040,2006,N,1310.8,Fire
285,41,Major Damage,sleeping,?,0,72320,2015,N,1436.79,Fire
130,34,Minor Damage,bungie-jumping,YES,0,52500,1996,N,1383.49,Police
458,62,Major Damage,base-jumping,YES,0,36540,1998,N,1356.92,Other
456,60,Minor Damage,kayaking,?,0,3680,2007,N,766.19,Police
